<?xml version="1.0" encoding="UTF-8" standalone="yes"?>
<patients>

    <patient>

        <id>
12345678
        </id>

        <name>
Stella Dallas
        </name>

        <address>
Hoboken, NJ
        </address>

        <longitude>
40744906
        </longitude>

        <latitude>
-74023937
        </latitude>

        <toBeVisited>
true
        </toBeVisited>
    </patient>

    <patient>

        <id>
87654321
        </id>

        <name>
Alice Adams
        </name>

        <address>
Hoboken, NJ
        </address>

        <longitude>
40744906
        </longitude>

        <latitude>
-74023937
        </latitude>

        <toBeVisited>
true
        </toBeVisited>
    </patient>

</patients>